nombre,email
Jafet Casals,Jafet_Casals@gmail.com
Jorge Manzanares,Jorge_Manzanares@gmail.com
Onofre Adadia,Onofre_Adadia@gmail.com
Merche Prada,Merche_Prada@gmail.com
Pilar Abella,Pilar_Abella@gmail.com
Leoncio Tena,Leoncio_Tena@gmail.com
Odalys Torrijos,Odalys_Torrijos@gmail.com
Eduardo Caparrós,Eduardo_Caparrós@gmail.com
Ignacio Goicoechea,Ignacio_Goicoechea@gmail.com
Clementina Santos,Clementina_Santos@gmail.com
Daniela Falcó,Daniela_Falcó@gmail.com
Abraham Vélez,Abraham_Vélez@gmail.com
Maximiliano Menéndez,Maximiliano_Menéndez@gmail.com
Anita Heredia,Anita_Heredia@gmail.com
Eli Casas,Eli_Casas@gmail.com
Guillermo Borrego,Guillermo_Borrego@gmail.com
Sergio Aguirre,Sergio_Aguirre@gmail.com
Carlito Carrión,Carlito_Carrión@gmail.com
Haydée Figueroa,Haydée_Figueroa@gmail.com
Chita Mancebo,Chita_Mancebo@gmail.com
Joaquina Asensio,Joaquina_Asensio@gmail.com
Cristian Sarabia,Cristian_Sarabia@gmail.com
Isabel Ibáñez,Isabel_Ibáñez@gmail.com
Desiderio Jordá,Desiderio_Jordá@gmail.com
Rosalina Llanos,Rosalina_Llanos@gmail.com
Amor Larrañaga,Amor_Larrañaga@gmail.com
Teodoro Alberola,Teodoro_Alberola@gmail.com
Cleto Plana,Cleto_Plana@gmail.com
Aitana Sebastián,Aitana_Sebastián@gmail.com
Dolores Valbuena,Dolores_Valbuena@gmail.com
Julie Ferrer,Julie_Ferrer@gmail.com
Mireia Cabañas,Mireia_Cabañas@gmail.com
Flavia Amador,Flavia_Amador@gmail.com
Albino Macias,Albino_Macias@gmail.com
Ester Sánchez,Ester_Sánchez@gmail.com
Luis Miguel Galvez,Luis_Miguel_Galvez@gmail.com
Loida Arellano,Loida_Arellano@gmail.com
Heraclio Duque,Heraclio_Duque@gmail.com
Herberto Figueras,Herberto_Figueras@gmail.com
Teresa Laguna,Teresa_Laguna@gmail.com
Estrella Murillo,Estrella_Murillo@gmail.com
Ernesto Uriarte,Ernesto_Uriarte@gmail.com
Daniela Guitart,Daniela_Guitart@gmail.com
Timoteo Trillo,Timoteo_Trillo@gmail.com
Ricarda Tovar,Ricarda_Tovar@gmail.com
Alejandra Vilaplana,Alejandra_Vilaplana@gmail.com
Daniel Rosselló,Daniel_Rosselló@gmail.com
Rita Olivares,Rita_Olivares@gmail.com
Cleto Montes,Cleto_Montes@gmail.com
Marino Castilla,Marino_Castilla@gmail.com
Estefanía Valcárcel,Estefanía_Valcárcel@gmail.com
Noemí Vilanova,Noemí_Vilanova@gmail.com
